{
  "IcoMoonType": "selection",
  "icons": [
    {
      "icon": {
        "paths": [
          "M726 726h84v170q0 36-25 61t-59 25h-428q-34 0-59-25t-25-61v-768q0-36 25-60t59-24l428-2q34 0 59 25t25 61v170h-84v-42h-428v512h428v-42zM938 512l-170-170v128h-214v84h214v128z"
        ],
        "attrs": [
          {}
        ],
        "isMulticolor": false,
        "isMulticolor2": false,
        "tags": [
          "send_to_mobile"
        ],
        "grid": 24
      },
      "attrs": [
        {}
      ],
      "properties": {
        "order": 1,
        "id": 1,
        "prevSize": 24,
        "name": "send_to_mobile"
      },
      "setIdx": 0,
      "setId": 5,
      "iconIdx": 0
    },
    {
      "icon": {
        "paths": [
          "M512 470l342-214h-684zM854 768v-426l-342 212-342-212v426h684zM854 170q34 0 59 26t25 60v512q0 34-25 60t-59 26h-684q-34 0-59-26t-25-60v-512q0-34 25-60t59-26h684z"
        ],
        "attrs": [
          {}
        ],
        "isMulticolor": false,
        "isMulticolor2": false,
        "tags": [
          "mail_outline"
        ],
        "grid": 24
      },
      "attrs": [
        {}
      ],
      "properties": {
        "order": 2,
        "id": 0,
        "prevSize": 24,
        "name": "mail_outline"
      },
      "setIdx": 0,
      "setId": 5,
      "iconIdx": 1
    }
  ],
  "height": 1024,
  "preferences": {
    "showGlyphs": true,
    "showQuickUse": true,
    "showQuickUse2": true,
    "showSVGs": true,
    "fontPref": {
      "prefix": "icon-",
      "metadata": {
        "fontFamily": "icomoon"
      },
      "metrics": {
        "emSize": 1024,
        "baseline": 6.25,
        "whitespace": 50
      },
      "embed": false
    },
    "imagePref": {
      "prefix": "icon-",
      "png": true,
      "useClassSelector": true,
      "color": 0,
      "bgColor": 16777215,
      "classSelector": ".icon",
      "name": "icomoon"
    },
    "historySize": 50,
    "showCodes": true,
    "gridSize": 16
  }
}